{"cameraMode":{"drawMode":0,"name":"Shaded","section":"Shading Mode"},"sceneLighting":true,"audioPlay":false,"sceneViewState":{"showFog":false,"showMaterialUpdate":false,"showSkybox":true,"showFlares":true,"showImageEffects":true,"showParticleSystems":true,"showVisualEffectGraphs":true,"m_FxEnabled":true},"in2DMode":false,"pivot":{"x":1.9130165576934815,"y":0.8368025422096252,"z":0.26967906951904299},"rotation":{"x":-0.03612785041332245,"y":0.9638588428497315,"z":-0.18917980790138246,"w":-0.1840692162513733},"size":0.9608530402183533,"orthographic":false}