{"cameraMode":{"drawMode":0,"name":"Shaded","section":"Shading Mode"},"sceneLighting":true,"audioPlay":false,"sceneViewState":{"showFog":false,"showMaterialUpdate":false,"showSkybox":true,"showFlares":true,"showImageEffects":true,"showParticleSystems":true,"showVisualEffectGraphs":true,"m_FxEnabled":true},"in2DMode":false,"pivot":{"x":1.6678032875061036,"y":1.1654160022735596,"z":0.1894209384918213},"rotation":{"x":-0.00871804915368557,"y":0.9675293564796448,"z":-0.03369307518005371,"w":-0.25035053491592409},"size":1.0579333305358887,"orthographic":false}