{"cameraMode":{"drawMode":0,"name":"Shaded","section":"Shading Mode"},"sceneLighting":true,"audioPlay":false,"sceneViewState":{"showFog":false,"showMaterialUpdate":false,"showSkybox":true,"showFlares":true,"showImageEffects":true,"showParticleSystems":true,"showVisualEffectGraphs":true,"m_FxEnabled":true},"in2DMode":false,"pivot":{"x":-0.2539118528366089,"y":0.8036823868751526,"z":-0.29666048288345339},"rotation":{"x":0.17070603370666505,"y":0.7420166730880737,"z":-0.20607689023017884,"w":0.6146571636199951},"size":0.5295637845993042,"orthographic":false}