{"cameraMode":{"drawMode":0,"name":"Shaded","section":"Shading Mode"},"sceneLighting":true,"audioPlay":false,"sceneViewState":{"showFog":false,"showMaterialUpdate":false,"showSkybox":true,"showFlares":true,"showImageEffects":true,"showParticleSystems":true,"showVisualEffectGraphs":true,"m_FxEnabled":true},"in2DMode":false,"pivot":{"x":1.2420872449874879,"y":1.0564574003219605,"z":0.021715760231018068},"rotation":{"x":0.0002819722576532513,"y":0.9994978308677673,"z":-0.030303824692964555,"w":0.009296558797359467},"size":1.501986026763916,"orthographic":false}